StartYear,AveragePerformanceScore
2010,3.4211
2011,3.0000
2012,3.0000
2013,3.1111
2014,3.2353
2015,3.5882
2016,3.4348
2017,3.8571
2018,3.2105
2019,3.1000
2020,3.2000
2021,2.8261
2022,2.7778
2023,3.2105
2024,3.3200
2025,4.0000
